{
  "name": "Monitor DDC Brightness/Contrast + Extra Dimming",
  "description": "Control brightness and contrast with ddc and extra screen dimming with black overlay, It requires ddcutil to be installed, i2c permissions for non-root users configured.",
  "uuid": "ddc-brightness-contrast-extra-dimming@tzawezin.github.io",
  "shell-version": [
    "45",
    "46",
    "47"
  ],
  "url": "https://github.com/tzawezin/gnome-ddc-brightness-contrast-extra-dimming",
  "donations": {
    "paypal": "1gijs1"
  }
}